keyword,url
plumbers poole,https://plumbers-poole.co.uk/
plumber poole,https://plumbers-poole.co.uk/
blocked drain poole,https://plumbers-poole.co.uk/
blocked drains poole,https://plumbers-poole.co.uk/
blocked drains in poole,https://plumbers-poole.co.uk/
drain blockage poole,https://plumbers-poole.co.uk/
poole blocked drains,https://plumbers-poole.co.uk/
blocked toilet poole,https://plumbers-poole.co.uk/services/blocked-drains/blocked-toilet
blocked sink poole,https://plumbers-poole.co.uk/services/blocked-drains/blocked-sink
cctv drain survey poole,https://plumbers-poole.co.uk/services/cctv-drain-surveys
cctv drain survey cost,https://plumbers-poole.co.uk/services/cctv-drain-surveys
cctv drainage survey cost,https://plumbers-poole.co.uk/services/cctv-drain-surveys
drainage cctv survey cost,https://plumbers-poole.co.uk/services/cctv-drain-surveys
drain jetting poole,https://plumbers-poole.co.uk/services/drain-jetting
high pressure drain jetting,https://plumbers-poole.co.uk/services/drain-jetting
emergency drain unblocking poole,https://plumbers-poole.co.uk/services/emergency-drain-services
24 hour drain unblocking poole,https://plumbers-poole.co.uk/services/emergency-drain-services
drain repairs poole,https://plumbers-poole.co.uk/services/drain-repairs
drain relining poole,https://plumbers-poole.co.uk/services/drain-repairs/pipe-relining
blocked drains bournemouth,https://plumbers-poole.co.uk/locations/bournemouth/blocked-drains
blocked drains wimborne,https://plumbers-poole.co.uk/locations/wimborne/blocked-drains
blocked drains ferndown,https://plumbers-poole.co.uk/locations/ferndown/blocked-drains
blocked drains christchurch,https://plumbers-poole.co.uk/locations/christchurch/blocked-drains
blocked drains wareham,https://plumbers-poole.co.uk/locations/wareham/blocked-drains
blocked drains swanage,https://plumbers-poole.co.uk/locations/swanage/blocked-drains
blocked drains ringwood,https://plumbers-poole.co.uk/locations/ringwood/blocked-drains
blocked drains verwood,https://plumbers-poole.co.uk/locations/verwood/blocked-drains
blocked drains blandford,https://plumbers-poole.co.uk/locations/blandford-forum/blocked-drains
drain unblocking near me,https://plumbers-poole.co.uk/locations
